lineCode,batchCode,batchDateTime,productId,productName,engineCode,binNumber,weightKg,priceEUR
201,2001,2025-04-24 13:00,11,Spark Plug,ENG0011,11,0.05,8.00
201,2001,2025-04-24 13:00,12,Alternator,ENG0012,12,6.00,180.00
201,2001,2025-04-24 13:00,13,Starter Motor,ENG0013,13,3.50,120.00
201,2001,2025-04-24 13:00,14,Water Pump,ENG0014,14,1.50,70.00
201,2001,2025-04-24 13:00,15,Exhaust Manifold,ENG0015,15,5.00,190.00
201,2001,2025-04-24 13:00,16,Intake Manifold,ENG0016,16,2.50,150.00
201,2001,2025-04-24 13:00,17,Air Filter,ENG0017,17,0.30,15.00
201,2001,2025-04-24 13:00,18,Radiator,ENG0018,18,5.00,160.00
201,2001,2025-04-24 13:00,19,AC Compressor,ENG0019,19,6.00,250.00
201,2001,2025-04-24 13:00,20,Fuel Injector,ENG0020,20,0.10,65.00
